,id,name,mood,popularity
0,2H7PHVdQ3mXqEHXcvclTB0,1999,Happy,68
1,4HIwL9ii9CcXpTOTzMq0MP,23,Sad,43
2,5GZEeowhvSieFDiR8fQ2im,9 Crimes,Sad,60
3,6HA97v4wEGQ5TUClRM0XLc,99 Luftballons,Happy,2
4,47IWLfIKOKhFnz1FUEUIkE,A Boy Brushed Red Living In Black And White,Energetic,60
5,67DOFCrkcQaLp5yhzF8Y8N,A Burden to Bear,Calm,27
6,79NmiFAgcXUIVDGfCWDdWF,A La Plage,Calm,29
7,4l2hnfUx0esSbITQa7iJt0,A Little Less Conversation - JXL Radio Edit Remix,Happy,1
8,5rAxhWcgFng3s570sGO2F8,A Place for My Head,Energetic,68
9,6QxTWEvzcJljVZaeTzuHF1,ATTACK,Energetic,0
10,1RvDsjCBDTES3lPiEGNNMY,Adagio For Strings,Energetic,55
11,6w0vhPaZBYjhrDobs3QE14,Adjustments,Calm,52
12,3TNNGjgOQ7O8vwAlvlD9Fg,Adrift,Calm,53
13,0P44AUPRzaIAHNWquN0fGR,Afraid of Heights,Energetic,38
14,2374M0fQpWi3dLnB54qaLX,Africa,Happy,84
15,2XBc2jWnvPqNO2LebVtLaY,After The Rain,Calm,24
16,4QdwsME04RG25KPHcPYoox,Afterlife,Energetic,13
17,0PqJ7LSknltqqMNqPDClNA,Algo Rhythm,Sad,0
18,55CenVQ4alvDJ1PS8aYB0m,Alison,Sad,0
19,2rPJcL8gQauA2nBdRyNZZL,Alive,Energetic,51
20,1XczdQt6RKNkEQfPqUsi3q,All I Want,Sad,29
21,4ZQdynvfiayhdoq5lcuCQ1,All Mirrors,Sad,1
22,6hZkQjIQBY7HAj4nzLUvdx,All These Things I Hate (Revolve Around Me),Energetic,39
23,17Nk1aji6gd26vabky7fMi,All in the Suit That You Wear,Energetic,39
24,3U4isOIWM3VvDubwSI3y7a,All of Me,Sad,85
25,15bAMg00o4VdWmQrlkbfG3,All or Nothing (feat. Axel Ehnström) - Deluxe Mix,Happy,22
26,7kpa6MWRrPaF3b6C0DgioK,Always,Energetic,63
27,0suQ6B8Bsp0tFuCXx652Az,Ambre,Calm,0
28,4OWZLr2sLv7ueKPHV7JRNP,Anaviosi,Calm,38
29,6x6XKEUcCJGUACD4Xh7KuP,Anchor,Sad,0
30,0L6lVIgGqVHnmR3BIy8GHa,Andromeda,Sad,36
31,5hXTMmVXz1Ablgu34BkTz1,Angel's Song,Sad,58
32,6H0wgcQCOuLYqDuNhMW8KL,Angry Chair,Energetic,22
33,1SSAvErVyid5OXzmtGZKkg,Anthem,Happy,44
34,4sPJgy0CksvmXp9jC0W4gv,Anthem of Our Dying Day,Energetic,56
35,305WCRhhS10XUcH6AEwZk6,Are You Gonna Be My Girl,Happy,75
36,72qlZsoVPpyFxVjL6GUuYI,As I Sleep (feat. Charlee),Energetic,55
37,2lJa0SY7vZpvJ7QDFanOuZ,Ashes to Ashes,Sad,51
38,6WdO6Ds95sLALCqCOfbDQh,Atlavík,Calm,53
39,42BtxDRqFTbE6Jb6rd9QOZ,Auburn Sky,Calm,48
40,00ZtJgQax06A96l8sMcmlB,Awaken,Calm,55
41,4wzaTdhmBgpch7IXu3CskA,Away From Me,Energetic,0
42,78W8wiUIlQ2SnWY9TVowKZ,Back Where I Belong (feat. Avicii),Energetic,56
43,6MrVWgw16iHBGRntjRkGQq,Back+,Calm,26
44,1qUaWLUot3Iik95S09cdSZ,Bad Feeling,Sad,39
45,7vCuaxRIKElwgjSAo5REkw,Bad Kingdom,Sad,57
46,2KSCegx6TosQQEgmhJKNQa,Bad Timing,Sad,30
47,65w8nArxPq2EzOAhteymf0,Ballad of the Dying Man,Sad,0
48,6a9DN96EWRc56Lwl5YD7KL,Balloon,Calm,34
49,6irNz2hSXvd2QJG0vXyBFR,Bat Country,Energetic,39
50,08qO8i2K0Hxl0h8PIncyuH,Bayybe 07,Calm,50
51,0AG2l0IboWNSwjUkMr2Aq7,Be My Mistake,Sad,39
52,2s25Z079T5KRzfqEQRMQQ4,Beautiful Life,Happy,31
53,4zhRVs7eqgdroy5E3kKEs2,Beautiful Night,Energetic,38
54,199PI6mx1IFrDk8ZMtNTyX,Beekweide,Calm,34
55,2gMXnyrvIjhVBUZwvLZDMP,Before You Go,Sad,85
56,3iJxloILmOu2NIRZ0OGyui,Bennie And The Jets - Remastered 2014,Happy,0
57,6MLHg35rlksBc5OBcdZvJi,Better Than Today,Sad,60
58,4VywXu6umkIQ2OS0m1I79y,Better Together,Happy,72
59,0yBM8cOHjb6iiMI2eM8pIc,Betty,Calm,32
60,6B2jQL05apmJlDZtPIxD3R,Billinghurst,Energetic,0
61,6DzvC1VHpyTFfLBbAYBa7W,Bird,Sad,55
62,0e0hVla9NkILk2JWOwVCMW,Bison on the Plains,Sad,32
63,7ESnexsnylx85YfT6ZiSun,Black Car,Sad,0
64,6yTnvHRhUuuaoxy4dHzLGo,Blackout,Energetic,37
65,3TSZpRzSEKL1dFfpd1JDoF,Blame,Energetic,53
66,1fMZR4DD2mE0iXginD9fOc,Blaster,Energetic,0
67,61XspFITuKmAlYdQacNCbF,Bleed American,Energetic,63
68,2pfkaHd8arhESSxyJAou6g,Bloodbuzz Ohio,Sad,46
69,5DP6ow4t5Mmfge0fMRhSJD,Bloom,Calm,52
70,7zNT9GE070fYjnhx6TFWnQ,Bloom Innocent,Sad,20
71,4nX11Rjdh7AuM8Ezb73m1R,Blow,Happy,0
72,3wcaYUOKVSEbmmGB43YGqf,Body Rock,Happy,46
73,5UaOg4eymp98fxKyx6SHmB,Boiler,Energetic,0
74,4CFlaEtdgeu4mFmnUApAyl,Bortom Träden,Calm,48
75,5OTdNMpl1EPr3tOLyyRIc3,Bottom Of The Sea,Happy,48
76,1XZrMIHtCVJPqK29Mzm44G,Bottom of a Bottle,Energetic,61
77,1j45uvYWACNGDZ0jmKSTuP,Bouquet with Lilies,Calm,56
78,1rJ1xX2XBC8nesYapeO6Av,Break Stuff,Energetic,0
79,5q2hzGmdBeXEWuMOlOMOt2,Breathe,Calm,29
80,7jqzZyJJLrpkRFYGpkqSK6,Breathe Me,Sad,68
81,5BegkNkGXa6TUobnxy5LFL,Brimful of Asha - Norman Cook Remix,Happy,0
82,4Of7rzpRpV1mWRbhp5rAqG,Bruises,Sad,84
83,4BggEwLhGfrbrl7JBhC8EC,Butterfly,Happy,71
84,7AQKjpzLGVBKvTDyoJ7YVK,Bye Bye Little House,Calm,30
85,63rva3TBizr6x1Yp5uwKfD,California Dreamin',Happy,50
86,44Co96UhNfnq258r2VybLE,Calm Wilderness,Calm,52
87,4CilIy3dA3P9Tq2NFqKEOX,Car Underwater,Energetic,52
88,6dB3Uad2TOaJcGKpM3zizO,Chariot,Sad,42
89,2106G7MY2XnVyqij2bJVGH,Children Of Today,Energetic,58
90,4WiiRw2PHMNQE0ad6y6GdD,Chocolate,Happy,66
91,2DlHlPMa4M17kufBvI2lEN,Chop Suey!,Energetic,79
92,5OxyHotdy7y789r3UQcHAB,City Lights,Calm,26
93,18cST7DK31Ab2rTH1POP6A,Clap Your Hands,Happy,44
94,6u1ymcw9MTK9mPGy8XdvEb,Cleansing,Calm,36
95,7bKMZYXVYzGMvnHiRDCmjy,Clear Skies,Calm,51
96,1LMVGL3030W3mGmRrd2hCm,Click Click Boom,Energetic,0
97,2TFQPFUqRtgj1auq9b5PlR,Coda,Calm,58
98,7kpZ9isu48poYKpaAb0wiR,Cold Arms,Sad,0
99,1q3AoLCoawd8Gpm9wP7sHi,Cold Nights,Sad,51
100,6chZg1OMXz9VN3MQCr4cNf,Cold as Stone (feat. Charlotte Lawrence) - Lipless Remix,Energetic,57
101,2dVvMXDWBY0U7VjCjOjVH9,Colgando,Calm,36
102,3jP962JoLAn9p4wCDdx4My,Collapse Into Light,Calm,55
103,5uzNa0SBGOe5pPnstWHMCt,Come On Eileen,Happy,1
104,0Yb5Kfpf3boElZNa61wPdJ,Come Out And Play (Keep ‘Em Separated),Energetic,68
105,30ACOtgBj1PqZs1erzFZkU,Coming Home,Calm,51
106,261QAU5PAmYYv0KPr0vc49,Coming Undone,Energetic,0
107,7sTtHHrD0zDpmzQzH3zegz,Consequences,Sad,74
108,4THgqBGsTYJcNcQWCV92AP,Conversation,Sad,45
109,7GL2SOvJXs8QVLX0cUADeq,Count On You - ATFC's C-thru Remix,Happy,42
110,1J1wnDwBjkFvDVOxNOLVjY,Count That - R3HAB Edit,Energetic,41
111,0gj8zftpww3PXx8xea7Ygn,Courage,Calm,34
112,1FXlhqcYaiw6KuUYtXdtAi,Crash,Happy,57
113,1eK4KsyjAzr2xJ86Tj5SWa,Crawling In The Dark,Energetic,0
114,1vxw6aYJls2oq3gW0DujAo,Crazy,Happy,77
115,6LqbJXriVJyqJCd9jYoPqP,Crazy Horses,Happy,46
116,1ytTeSRAU6IRo2itVDwtPv,Creep,Sad,0
117,08Q4GyxnB8ak1ZwHnjwova,Crossing,Calm,40
118,0uESMJnrEKYnZoRbNTvmpB,Crystal Baller - 2006 Remaster,Energetic,31
119,0gUAGl4nHShy1dzHikQKKU,Crystal Shores,Calm,51
120,3WEdWvAScE1EcBfErseQnC,Curiosity,Calm,60
121,5lZyYNi8OfFWKiX1p9zDQP,Curious Morning,Calm,36
122,5Iy1wdO0tMaHwKnfFYtlel,Cursive,Sad,62
123,7kMPC3vgXk3o9xUP3GWAJ0,Daar Gaat Ze,Happy,5
124,4o9Kj7onklt6xbYl3jVArp,Dance Little Sister,Happy,53
125,02WacdrRpm4zlP8H7X6bnQ,Dancing On My Own,Sad,9
126,4O5GKVbnQ8U9BxYWu0hIug,Dancing Through Sunday,Energetic,47
127,1TQXIltqoZ5XXyfCbAeSQQ,Dancing With Your Ghost,Sad,78
128,43cElHKBLhVdsz0cPETPIj,Dancing With an Astronaut,Sad,41
129,10Nmj3JCNoMeBQ87uw5j8k,Dani California,Energetic,77
130,1OdpIb0nzhDcqwkiYp0O1u,Dark Side of the Gym,Sad,52
131,36I7pi5g6XZJm3bcgqmLyE,Darkest Hour,Sad,29
132,56ag77KIUFvxJhA1gdObsq,Dawning,Calm,58
133,3JjeC1epY5y2Jysxn5FVCB,Day 5: For Carol,Calm,56
134,5vymVJ2WUlLnMeQqrgwQx8,De Fléche,Calm,52
135,5AqPW3fH2H4ORBYTVwfHep,Dear Diary,Sad,0
136,0FTDvOs2mzgHAqL31PBXO5,Deep Dark Jungle,Happy,0
137,0Zl6KnmirT1PeGZvAZY9T1,Den inre skogen,Calm,55
138,63JP68VirmCXtWRoMTX8Xi,Desire Lines,Sad,39
139,27O9FuS1UIm6ZyLplgLQAH,Devotion And Desire,Energetic,54
140,0NnFglDnuZH6qKuvhZpB0r,Dew Drops,Calm,50
141,5TvkWUGywzfVF5HQ9uySVF,Dive,Sad,0
142,7zHrHnVSQwI95FGHewXDl8,Do Bad Well (feat. Nevve),Energetic,62
143,5yzzy7Hevww3RDntQM5mG1,Do It Again,Energetic,0
144,2reL9PAUza4PUtbjqW1fRf,Dolerme,Sad,68
145,4SXU3lUZ1eb4JWWbkQw43Y,Don't Stop,Happy,0
146,7hQJA50XrCWABAu5v6QZ4i,Don't Stop Me Now - 2011 Mix,Happy,74
147,0A4PZuepTcIQVvA5m7R0M1,Don't You (Forget About Me) - Remastered,Happy,11
148,1LomCMl5wD3MPVlC6smUHe,Don’t Delete The Kisses,Sad,59
149,4YMLW13PuuO7o3jkIWlKAs,Down On The Corner,Happy,0
150,6Nm8h73ycDG2saCnZV8poF,Dragula,Energetic,70
151,0DRvClQbN9znQ295sx76VC,Dreams Tonite,Sad,62
152,157kvk58Qr04AiuDv2aQWd,Drifting,Calm,56
153,0fJFBbpUxTwjhh1ScBQjeX,Driver's Seat,Happy,56
154,61mWefnWQOLf90gepjOCb3,Duality,Energetic,76
155,0s8OsDxW96cl290PcsI2mX,Duck And Run,Energetic,43
156,2SbIONplUQ0BvXyRgGDgCz,Dust On The Ground,Sad,0
157,6AlzF33SOFB8vfrmABo0jV,EDM Sux,Energetic,49
158,7uI4m3uAKy2WWH1mJZAYzO,Eagle,Calm,28
159,2k9N4caeCIJLOWwWwssrEM,Easily,Sad,76
160,7INi4pMPG4IE0Smx5y4KVf,Easy Lover,Happy,68
161,5zfsg3FNA03fCUZzW2a9Fr,Eden - Hunted Version,Sad,35
162,2id8E4WvczfKHB4LHI7Np3,Edge of Seventeen,Happy,70
163,6KuzTwyczjBp1C4f60Y5ID,Eidolon,Calm,54
164,2viJufnGlsjR1X51CEHpeg,Electronic Memories (feat. Mickey Kojak),Energetic,51
165,4UmpEQtTlhBOxDPePaK8qR,Emotions in Motion,Sad,23
166,6CY6TBcuh13KEk34pMnZA8,Empty Street at Night,Calm,32
167,3eqyYjMYUHGlmtCP4C4iSX,Enemy,Energetic,43
168,7JrSIPcfkWhDzxWII8Jz7V,Escaping Time,Calm,60
169,0T3UHut7JmCi5jcgYiMawm,Essential Attitudes,Calm,50
170,7lSHfDPdyGdRyG234h5ToK,Event Horizon,Calm,57
171,5jkUfQV3wlplyoz0PUja09,Every Kinda People,Happy,0
172,4xxyCh7xkK30LVBO81poif,Every Way,Energetic,49
173,0sSxUKtpE11r5VVx1DIMww,Everybody Hurts,Sad,0
174,7lL2lMWNtzOcf5HnEudNgn,Everyday People,Happy,63
175,2MlnLVsrTJmHmdpzJQcQ6w,Expedition,Happy,51
176,2G7cxwbFSMneFgTMdnvICw,Faces,Energetic,43
177,1ZMiCix7XSAbfAJlEZWMCp,Falling,Sad,87
178,6Zr0mt1HdVUwTEdMwqPXsC,Falling Ashes,Sad,45
179,1FunUekKzZ9Mgt3BMYCrfF,Falling Asleep,Sad,53
180,2F6FfZ4w8z3eJpSxPotVO5,Falling Away from Me,Energetic,70
181,3iGMErA58MMTYT1mBkUkRf,Fantasy - R3HAB Remix,Energetic,19
182,4uqNn56KFQ7NtJ35xWZKvf,Fascination,Happy,0
183,26AYR77170U49cMcXB7aRV,Feeling This,Energetic,66
184,3mMd2MGvEIDAfMfvcb9wsC,Feels Like Flying,Calm,40
185,0IvaKmBYBLVcdP0Ft8Dwik,Feels Like We're Dying,Sad,51
186,3OjwAIOhan5AIGS2p6fJrt,Fields After Rain,Calm,37
187,0BEkkhhqcCNx6VLMtshOiT,Fields Of Blossom,Calm,32
188,71Znjl8mUrHfSg38OQU8bb,Fire in Cairo,Sad,31
189,0x4CFzoSdqVq5qTGgwZFuX,Fix You,Sad,47
190,16A82OAjqWawjDM8K5HCdm,Fleur février,Calm,34
191,43p1IlKF0PBgwkqzS2EdCk,Flex,Energetic,42
192,7hJZMJqFRlypzSlxC7Kn8n,Floating Sunbeams,Calm,33
193,06G5MnuMA3cLbNwjFs8zIS,Flowing,Calm,39
194,69VbrwGah98lR7iuXkrk7e,Fly - King Britt's Fhloston Paradigm Remix,Sad,31
195,0TEW7oRDKD2mjJQH507ni4,Flying by Candlelight (ABGT300) - Above & Beyond Club Mix,Energetic,47
196,3DZ7DFolE5U2xEGIzFjeGo,Focus,Calm,51
197,7d44sL4znFm5HZ6ltUVqbI,Follow me,Calm,51
198,2T2EemW8X3GlKvJe1gxpBC,Found,Calm,52
199,6s2T9kuNYNZKsG5Fa1LiDN,Free,Happy,50
200,0aaTrekfgJgLiH00lnPKm7,Freya,Happy,46
201,4QlzkaRHtU8gAdwqjWmO8n,Friday I'm In Love,Happy,76
202,4ogyT8HqLV6IdCepscSkh3,From Yesterday,Energetic,0
203,4nTeeVQnNghbWWo6k7oPrH,Frozen,Calm,45
204,55ux9bDGw3qTVfad3PxSTq,Fête sous les étoiles,Calm,34
205,229MM2St7SnW43nT8ADlG8,Game Time (feat. Ninja),Happy,52
206,4e7yuouxvWPbK1q2kVlgz8,Gasoline,Energetic,39
207,7gb626DDDHoiuVAGZEnlJk,Geno - 2000 Remaster,Happy,55
208,2Foc5Q5nqNiosCNqttzHof,Get Lucky (feat. Pharrell Williams & Nile Rodgers) - Radio Edit,Happy,78
209,0nyrltZrQGAJMBZc1bYvuQ,Get Up Offa That Thing,Happy,53
210,3YQopTaSSgLSSuzYBZ9bLf,Getting Away With Murder,Energetic,0
211,6mnYXjuK0CDzqem4eR5JGU,Ghostride,Sad,0
212,2No1A7ZuMaBGxz45jmA9Gw,Glaciers,Calm,53
213,45DElIx0dXqUH4A88yQFdE,Go With The Flow,Energetic,59
214,08Hghm2hJpCxJux9YuhCG0,Gone My Way - KhoMha Remix,Energetic,46
215,0G3fbPbE1vGeABDEZF0jeG,Good Times,Happy,66
216,2oF7FZHIJbzjeEXZ3D0Ku4,Good Vibrations - Remastered,Happy,66
217,4VxaUj96W2jw9UOtKHu51p,Goodbye,Sad,69
218,5rLZGAZOstOC3fqhmGChvK,Goshen,Sad,0
219,7ANhXB1OJBaTb7kDoAJRLq,"Gottes Zeit ist die allerbeste Zeit, BWV 106: 2a. Gottes Zeit, ist die allerbeste Zeit (Arr. For Piano Four Hands by György Kurtág)",Calm,31
220,2bo6ZMPnFkWCd0VRTMwbcs,Goya,Calm,21
221,1TSpCeUusXyZ7FiaDuy3x1,Gracewood (Revisited),Calm,11
222,4kjbflfFCcNWkBGWvYBSxz,Green Street,Calm,27
223,2UVLuddklEVak5PXgC7baA,Groove Is in the Heart,Happy,65
224,3ktUAf5M4HiCt6n7Zb323H,Groovin,Energetic,50
225,7lUjs7bf1fjKI8HKhbNp6z,Guernica,Energetic,44
226,3EKKIR8be1kfAAwaz1fzyS,Halfway There (feat. Lena Leon),Energetic,58
227,3ekjqtjoDwy5YLuGtKoXDO,Handful Of Redemption,Energetic,34
228,1qv9TWDpXh50DPLgWD4bnH,Happy Ending,Happy,51
229,1JO1xLtVc8mWhIoE3YaCL0,Happy Together,Happy,74
230,2KK7OUblFkd7TT9TjWgW7z,Harvest Love,Sad,41
231,2mPMFJvQ0v27gVqe5b6nDn,Hash Pipe,Energetic,65
232,4QAUGy6k7c3IOAhgWz52r7,Heaven - David Guetta & MORTEN Remix,Happy,66
233,0M6TLjxixptslrmQpWbRoR,Heavenly,Sad,3
234,3vqt0fEt6I52ANHu7mAlIP,Heavy,Energetic,55
235,6dGnYIeXmHdcikdzNNDMm2,Here Comes The Sun - Remastered 2009,Happy,83
236,2zYzyRzz6pRmhPzyfMEC8s,Highway to Hell,Happy,83
237,48H6uWuBYeeZUiXwb5f69K,Holding On,Energetic,45
238,3MOdqpj30w4Wk96bBwLJk9,Hollowman,Energetic,36
239,7Ga9ZSdPAcQXQvd1ObVFpm,Holy Water,Energetic,62
240,3Qsp2uAtcDCrrlknJtUPj8,Home,Energetic,46
241,5gNVTfD1L6QrPgOf0wFo0q,"Honey, This Mirror Isn't Big Enough for the Two of Us",Energetic,54
242,1dssHOp3HpaK9o5c0CL7xU,Hoovela,Happy,0
243,6RT3PxDEQOa7m6tK502DNa,How Bizarre,Happy,0
244,6ruBSXfnFc6raFDFm9YB3r,How To Fight,Sad,38
245,1V17xHHZgIgZ6H14rinHdi,Human Connection,Happy,49
246,1IB1GFSTgmeecjscmAJ0lW,Humans (Let Me Love You),Happy,59
247,2NRZo1Y3T6UaVCz1i8dMqm,Hunter,Sad,22
248,2jpL7mFOMzRnbaSj790BfQ,Hypnagogia Well,Calm,50
249,1OdYu7mDO94ydUvfZPaPvP,I Can't Help (with Sarcastic Sounds),Sad,47
250,2rx8InAMTVDeZdkLUWHDmA,I Don't Know (feat. Samuel T. Herring),Sad,0
251,33gVbwdqw7aRX0Y2zM7qm3,I Don't Trust That Bird of Prey,Calm,51
252,6pGJTJaExyKwwXBmcoyVlY,I Stand Alone,Energetic,0
253,1PiKcVhlmHPvL7IPjx9dJk,I Took A Pill In Ibiza,Sad,0
254,2ZSCy3P1QzpJySCWA6NRIU,I Was Made For Lovin' You,Happy,1
255,6fBwVe6udYdnRqwqo06if8,I Would Die 4 U,Happy,61
256,07htwTiSZVnQfdl38siCIn,I dine øjne,Sad,0
257,7lRlq939cDG4SzWOF4VAnd,I'm Not Okay (I Promise),Energetic,73
258,5FRWe0PkPj4CQ4fvibzTEh,I'm Your Man,Sad,32
259,0KyPBZ6PAxzpcAobqxhaHu,I've Been Fine,Sad,23
260,2jxfHzOYVLmGKejNRHvqoc,ID8,Happy,51
261,0QurRfrHz1RGbdPpTx7lLV,If You Believe,Calm,37
262,3iiL6merNpFNX1bny9sfvM,If You Think It's Love,Sad,57
263,4sqIHHGPprOZNdW5zMx36p,Images,Calm,42
264,7FORBAxm1qwuwbYo7Rtz42,In This Moment,Calm,51
265,2qoKkOBw3dAd8AlITOQ2Ca,Indigo,Sad,49
266,5AciiCKJKTLKRrAPSrKQy5,Infinite Sustain,Calm,57
267,6mgKP4yo57GTSMc3fJlyWm,Ingénue,Calm,55
268,6okaxit4V1bU6yIVVsP836,Inside Of You,Energetic,0
269,1xHcapGIorRGVlBnWE7X4N,Inside the Fire,Energetic,12
270,3GuzB4BEWq3bhZM8YydysZ,Inside*,Calm,8
271,1HTYYXCKpMWiHRd7qIb6ui,Intermezzo No. 1 in E Minor,Calm,7
272,5d8pKJxoDlYX2SoFR6RCsm,Into Black,Sad,47
273,4sP8BZIZKGVq6jHOSPF17A,Isonoe,Calm,23
274,07FUh3cxCPNQFIIp8aSWCy,It Takes Me Back,Sad,41
275,6Xb5klX1nnSUxoh2AyZd54,It's Goin' Down (feat. Mike Shinoda & Mr. Hahn),Energetic,40
276,3QP17SZh39ZVczQnopq9BE,It's My Fault,Sad,54
277,4L2K7JKseFCBoHMZEAszW0,Jealous,Sad,79
278,2gFBh7NnEfSeBoZZDB5d2C,"John Wayne Gacy, Jr.",Sad,50
279,0DVw5GHPCUImZ8VmRdlbmx,Juliens Journey,Calm,33
280,64BirkPW9F4XgzoLAiOBCP,Jupiter 4,Sad,39
281,5LAdBsIfjzAsusjc6WSLmH,Just Can't Get Enough - Live in Hammersmith,Happy,56
282,62X7ld1sa8RHl4zRtSvfHf,Just Look at You,Calm,59
283,1ko2lVN0vKGUl9zrU0qSlT,Just the Two of Us (feat. Bill Withers),Happy,70
284,6vG1pcmNGdG6Vu62I9nLGL,K.,Sad,58
285,1HdIqEOl9MxoJNsz33VOvW,Kangaroo (Remastered),Sad,47
286,4fItBSHKBcgKWixN1Idie5,Kaolnite,Calm,50
287,4Hhup3YZfajcC7O0DNbwCq,Keep Going,Calm,31
288,2dqq3YMX6nlJKXhrjY5W4J,Kids In The Dark,Sad,35
289,59WN2psjkt1tyaxjspN8fp,Killing In The Name,Energetic,78
290,4eMoWR7Lughvru6Rn97uPi,Kinky Living,Sad,19
291,3Uz3K1Ctq6MOIDqRddKHXo,Kinky Love,Sad,46
292,62LJFaYihsdVrrkgUOJC05,Kiss,Happy,73
293,3Jrf9MHZZWx3cXBeMkZWUu,Kiss On My List - Remastered,Happy,37
294,1wHkIswzW9zGCOLDBYbHFL,Kiss You All Over - Single Edit,Energetic,47
295,6a8U8DihiuewRpRQ2OOCVU,Kite,Calm,35
296,4pWowM3xMkRYgHsIJDf61f,Klangfall - Piano Version,Calm,42
297,6iQ6AKHlGjQTrpZIqfOtyK,La Luz,Calm,49
298,7v3tuzPub1Qd490tiVddwF,Last Time,Sad,54
299,2h23bjG8B3bcD47HBu6bHG,Late in the Evening,Happy,60
300,4nZSgFwgYUOyWcBX61JY6j,Laugavegur,Calm,56
301,0oB9964bp22Bmok0Dmxlzb,Lay Your Head On Me (feat. Marcus Mumford),Happy,61
302,13HVjjWUZFaWilh2QUJKsP,Let It Go,Sad,73
303,72rHjyz3i7K90Hk1eF1f0c,Let It Out,Sad,38
304,0QeI79sp1vS8L3JgpEO7mD,Let's Go Crazy,Happy,63
305,0vK80mtYypq4dAwQelZ2Dh,Lift Me Up (feat. Carla Monroe),Energetic,65
306,1C2JiKNMjv8FaZlrgwObBJ,Light Year,Calm,51
307,0dcKsPZVWa64MvnoCes49q,Light Years,Sad,0
308,2shD8wlebq8fDg6ChqOPkC,Lights Go Down,Energetic,57
309,5ABnK6bOqbsIRVsrc1UBOt,Like The First Time - House Mix,Energetic,50
310,38TXeCvUUqf3PeoPvnERV6,Like The Way I Do,Happy,0
311,1Qf07UNBIu1XolBnl7XTi8,Like We Do,Energetic,48
312,5QGNwI8U3o9mQg7RR3yOPj,Limitless,Calm,54
313,7zWQ9qz0vAK75QBTGLZ0Wb,Linger,Sad,40
314,7Ar4G7Ci11gpt6sfH9Cgz5,Listen to the Music,Happy,77
315,528rajP3OyhornDwrsQrt4,Listening,Energetic,40
316,0bMcjygjhkTVB8T4r3xCde,Litost,Calm,22
317,1QTixxvaGxwe6GF8PBwAve,Little Lion Man,Happy,46
318,2ihCaVdNZmnHZWt0fvAM7B,Little Talks,Happy,78
319,29IRVQao62okE22TDamSnm,Little Things,Energetic,0
320,4ytv5Yzyal3LzKyMjRXjse,Living,Sad,31
321,3JbE6e17yvNdPggjPDrCyO,"Lola - Live at Providence Civic Center, Providence, RI - September 1979",Happy,53
322,4gkoh2vAD57fGEITzteaUh,London Thunder,Sad,37
323,6wGMLoEqD2k3RBXFHD0yUp,Lonely Boy,Happy,55
324,1uVk6S6Fpkrmji0iTpgKEC,Long Way Down,Sad,59
325,1MwGbyzRmPXWABLIdW8tzG,Lorelei,Sad,53
326,0efOqjQkOgWPEZTzAZSB6j,Los Feliz,Calm,49
327,5aFSzu0b7ccAYjTkbTNTsQ,Losing You,Sad,50
328,7nC2EOpMnpDT2DkvniimSm,Lost,Calm,64
329,5QlL4Rxjw3MQbx8Xvs75ts,Lost Moon,Sad,33
330,4IMBnBRqm9RALmLrRqfMor,Love Is A Losing Game,Sad,0
331,0ACACkoHUwgfgY5CxVIL4N,Lovely Day,Happy,67
332,0n2X57zaddr0ODIxUb64Sx,Lunar Eclipse,Calm,50
333,534nbCFk48DR1UQt2XlxSx,"Ma mère l'oye, M.60 - For Piano Duet, M.60: 1. Pavane de la Belle au bois dormant",Calm,29
334,1iTzI4NSQNLIETWDJ1WNWi,Machinehead,Energetic,0
335,5drK2kTE2mrUdV33iHWyrx,Mad About You,Happy,62
336,56oqWZUaA8ZmHQCH3lCRI3,Make Believe,Energetic,59
337,3RlwtjeKhemCfiPvwMFozS,Malibu,Calm,50
338,4iVWQTuwKG4JKtGOjx6T9V,Marbles,Sad,40
339,6vxHp3CDNo0afgKGp2yi1E,Me and Julio Down by the Schoolyard,Happy,73
340,3SdkYA8frHe3BMZsPVPrRq,Melancholé,Calm,34
341,4BntWROKZB5E0Y0K3LoHSQ,Mercy - Live,Calm,0
342,3bN4tg6rnNPy9GCkGhym4T,Message In A Bottle - Remastered 2003,Happy,1
343,6qTP59Amjny78Qd8zayuNW,Midnight Sun,Energetic,57
344,11oVQ68B4PnVQHIY6svpXg,Mil Sonidos,Calm,59
345,4sYNRSlV9pGInYcbsC18Jz,Mind-wanders,Calm,32
346,3EQPb4sdkNPCHb6AMyUTXj,Mindfulness,Calm,29
347,5Z8onMr6EW2eNDamrDoWi5,Minus,Sad,0
348,5pTWpY8l7B1XcQnijEFGFj,Miss You - Remastered,Happy,53
349,5FXnCOAkMUAf4QIS56MRQL,Misty Mornings,Calm,30
350,7Ln0DgKSrDG0ALbtNwGeml,Momentum,Calm,52
351,1EyctTkkGJVS3UYTuy8YZM,Montana,Calm,49
352,6CKu6K0xvozAgFlQq44Z56,Monumental,Calm,56
353,24PDuLZfLOKtAgh4axr36e,Morning Shimmer,Calm,49
354,0zNqfg3MpUGku4T6h2Pmab,Moulain (Revisited 432hz),Calm,30
355,4ZYFWXoHCIdsdgUdOMK9fr,Movies,Sad,30
356,2RlgNHKcydI9sayD2Df2xp,Mr. Blue Sky,Happy,82
357,5DiXcVovI0FcY2s0icWWUu,Mr. Jones,Happy,77
358,6264zKFgXM13JuRBX4MMyD,Mudshovel,Energetic,65
359,6MM22AtXB7I5gfTErMF0mJ,"Murder Song (5, 4, 3, 2, 1) - Acoustic",Sad,55
360,4LpOPF5RXZhS1GLzclhyaT,My Favourite Game,Energetic,0
361,7u5dBtASrtOuBTTZjJrvuJ,My Hero,Energetic,60
362,33iv3wnGMrrDugd7GBso1z,My Own Worst Enemy,Energetic,72
363,1HOMkjp0nHMaTnfAkslCQj,My Sharona,Happy,74
364,29pQasEiyy3Otgq55dzyTt,My Way - Marcus Santoro Remix,Energetic,0
365,1Lq9ieTRd9TtXXBh5y63E6,Mykki,Sad,25
366,2cRD4yq8e8wd6PxS0zhuW3,Nazareth,Calm,22
367,4cLXtRF6cIFGcuid2OLyUU,Need You - Ed. & Gustav Munk Remix,Happy,52
368,5vckEy9NZ6kirDU4UX4bVl,Never Be Lonely (feat. Envy Monroe),Energetic,56
369,5llPdGZJjJFJv9aL6ZaiLY,Never Letting Go,Happy,58
370,4zRkmGHVgGGnJMhemMXD6I,Never My Love,Sad,37
371,7D04SRPxcqHXjoK0YFPuAq,Night,Calm,31
372,6UBjSnyP1O5W5ndJoO9vUk,Night Moves,Happy,71
373,0kox8HaEK0EfeWcNVTOKTy,Night Surrender,Calm,38
374,2OAOS8qkuKu5Kd8TvA5BAA,Night on Earth,Sad,38
375,7LgkgNtOYgWfSJsGgDXFop,No More 54,Energetic,46
376,0melIwOKh1JH4RjI1Is10w,No One Knows,Energetic,36
377,73SpzrcaHk0RQPFP73vqVR,No Time To Die,Sad,82
378,1CLmFKW99S8eJrebO3GB04,No Woman,Sad,66
379,46SWSNRB3oAAOu21Apj22z,Nobody,Sad,50
380,3AtuVA6OJB7ZxBbMfA5qYx,North,Calm,26
381,32dZxkZtsF5Vt3PrJQuV2i,North Captiva,Calm,48
382,7tx0NDsCViutjOyd1c4A28,Not Alone,Happy,44
383,08EI81e55Lcqg2ZelJOXcG,Nowhere Kids,Energetic,36
384,7Cia4WzapwjMr0NUQF8vf3,Oceans,Sad,61
385,2jdeYpaoWR0VMIyKrgQMQE,October Rain,Calm,36
386,5P8BZ67Vw2CUwAYi12yvYj,Old Rain on a New Day,Calm,54
387,15VDHAMS4JCLziCjNkmQl1,Older Than I Am,Sad,66
388,2fgMzSoDaPrU4EYsrkAwVn,On Another Ocean (January / June),Sad,0
389,0kDTkI3VN3LEObv3v3ehhY,On My Way (feat. Jordan Kaahn),Happy,48
390,0Ov2L3hgjc5TlxKuBpKOQK,One More Night,Energetic,41
391,5Q0VxlFh80F3LmbGnuDE4M,One Night - D.O.D Remix,Energetic,41
392,61fUybL3XS40gcffnnNPoX,One Step Closer,Energetic,54
393,0yfd3MSq6JEsNxOzSLJR7g,Only,Sad,0
394,2ZaYFNn1YQuLSVdHhanr4Q,Only You,Sad,55
395,24CJS73HBvYtVguUZBnyAn,Open Fields,Calm,39
396,5bATh5zpKb6uauocsl0XRM,Open Skies,Calm,52
397,6jFX2sHOzh7tpIIOomlrqJ,Orbits,Calm,33
398,46mPWQpvSFkXrr5nWoWW74,Our Lady of Sorrows,Energetic,50
399,2Uk3uky365BBGidUpOtKvw,Out Of Control,Energetic,0
400,6wCsrMyI3DavGvodBx8A7h,Out Of Control - Pat Vocal Mix,Energetic,43
401,13i7d4s5EkgOIDHdzM0R4w,Out of Control,Sad,0
402,6HrPFcVFz9wTBqqIrpJ8iB,Out of the Deep,Calm,45
403,7Cx3kiPstZOSKAqTe3LtEi,Outside,Sad,51
404,3SO0vfryYv381w1ImgWONG,Over My Head (Better Off Dead),Energetic,49
405,59P1nrdEImkAKa1nyW9X2e,Pain,Sad,60
406,3hxqWxFfmbIYcrV0e7wSyL,Panoramic Feelings (Piano Version),Calm,33
407,1Vej0qeQ3ioKwpI6FUbRv1,Papercut,Energetic,73
408,6VSmHLLvYAAkzrYFT3LloU,Paperthin Hymn,Energetic,53
409,4IrzpCIP60bro2wkBq5dIi,Parabel,Calm,22
410,6nek1Nin9q48AVZcWs9e9D,Paradise,Happy,80
411,6k1njNBYUIQgWJLG4ed26y,Paralyzer,Energetic,0
412,4EVpdoFt3L6sAa4hivmWz9,Pass The Hours,Sad,54
413,6FI69Qkt6C2yBTVLC8zq34,Path to Serenity,Calm,54
414,5b61rcrjF6JG7yq0RRaOLh,People Are Strange - Festival Mix,Energetic,51
415,6XRNCAnxJIB1p4RPdFVSq0,People Help the People,Sad,58
416,22KKy6ftT0i4nyGNCbwc1B,Petrichor,Calm,54
417,4QNjuUkLHj47tEXgA6TFc3,"Piano Sonata No. 14 In C Sharp Minor, Op. 27-2 1st Mvt: Adagio Sostenuto",Calm,30
418,1qlVrqeX158nz91Z72lzaa,Pierre,Calm,35
419,3L47u91Y7YIGPpLPBrulh0,Pink Rupture,Happy,51
420,1XtkmIXg2o5SqOrNI8Szvk,Placidity,Calm,50
421,1gIZhNdfbkGJ2iyOZJmW9O,Planet,Calm,0
422,0nL2bTth1UVQHWDDumMm3f,Play The Ghost,Sad,31
423,7mQwxVogsnpR3h6AJLQLlR,Poem,Energetic,57
424,04mlpyRplis2yvf18EwaeN,Points of Authority,Energetic,45
425,1OvDGGu8KDbchlJTlM48Mr,Polyamorous,Energetic,37
426,4NFa9tjhONF6lnu4SRbfG9,Pour Les Oiseaux,Calm,0
427,3wTyLh0vhP3dN5yv0Mti17,Prayer Of The Refugee,Energetic,0
428,1QmdL4qnNkm8FDuseRMf21,Prelude,Calm,30
429,2R7BzSG2pPB99uJbU3lLmK,Prelude 6 - Pt. 1,Calm,55
430,6CaQoqHFR0naK53v3jNGUT,Prelude in F,Calm,19
431,02QoKc20zzH9A8mf25NfPq,Presence,Calm,49
432,7f2d3p6nzGFR6874f0E7E7,Pressure,Energetic,49
433,5mqEL5pgnDCcWtTWpAofIV,Promise,Energetic,48
434,7w87IxuO7BDcJ3YUqCyMTT,Pumped Up Kicks,Happy,84
435,2mJhNvt2dDCfcNn8IZg6sF,Quick Canal (W/ Laetita Sadier),Sad,42
436,5uTfZTuLLGbq1qFYwzg7jX,Quiet Room,Calm,0
437,1OArWxrw689jZXaJzSErbh,"Quiet, The Winter Harbor",Sad,37
438,7sBlA4bK7gpf2H42K6Y0H3,Raven's Feather - Piano Solo,Calm,34
439,13SBuUaDElB4vowkW6nQxk,Rayons de soleil,Calm,18
440,3sqyZAk7dUY3U4ApoJcRzJ,Reality,Happy,42
441,55VX26X342cWBM7akigws7,Rebuscano,Calm,37
442,1vNfYCzcCJz0FY7MVVA9lM,Recording 15,Sad,60
443,591vJuuep0gfPhx9p8WPD5,Reinventing Your Exit,Energetic,57
444,288oxP29Qe5FikFIc1b1Gd,Remains,Calm,32
445,13iMiwdY7pgE1f7NwYKr1D,Renee's Song,Sad,73
446,5YBVDvTSSSiqv7KZDeUlXA,Renegades Of Funk,Energetic,66
447,7DP18u679fMurjsUxuxMHu,Rescue Me,Energetic,57
448,58Z8R4KZPbfTc6KVYZLwTb,Retrospectacular,Calm,50
449,1sPC2IR2UwzYUrItFRE1H3,Revitalize,Calm,34
450,3LmiKN6q3OwFD3sV8rhkk2,Ring The Alarm - Stadiumx Remix,Energetic,45
451,24fghf9YPlSHoWKNHign8p,Rise (ft. Matluck) - Thomas Gold Remix,Energetic,0
452,2mXnsGgq0K4qfcYmw0rccK,River,Sad,42
453,1UmFRZU3taMGZApPhK32mc,Riverside,Sad,3
454,3gdewACMIVMEWVbyb8O9sY,"Rocket Man (I Think It's Going To Be A Long, Long Time)",Happy,82
455,7Ky78y9gxAKlujRin3vzZf,Romance,Sad,0
456,6bUNEbXT7HovLW6BgPCBsb,Roses,Happy,72
457,0tzWCL2uhb2xQDWgG259nU,Rusted From the Rain,Energetic,47
458,18IyalmZGqUTwvZStMf7A1,Rylan,Sad,56
459,5YlHgqWo3Kt2mF88ubmR62,Sad Corny Fuck,Sad,55
460,2aoxz8c3bHyDrZBhTKnTXh,Sadness,Calm,33
461,6KjTXwntv8paBCL3El9TnV,Sahara Love - Seven Lions Remix,Energetic,52
462,7p5HBV5kqLgw0vK0lQ7eXM,Same Direction,Energetic,0
463,2bbhyUWJ5VjdfI3P4PRLu2,Samson,Sad,51
464,0rDXZpaDpGMbT8ON1DxEtT,Saving Daylight,Calm,52
465,3asFGFY3uLjMDmML1p0tYm,Savior,Energetic,70
466,0fcGdkaMVaJtPuYLB6bXRx,Say Days Ago,Energetic,40
467,07EmFV0AOKNsbtNonzmMJj,Schloss,Calm,51
468,3PGYOWmCia5R4iLRnGHwyf,Secrets,Energetic,57
469,2GXOmuU3kApsq2TWqOU5Bm,Send It,Happy,60
470,6hs3SDnbO3f6VQuPO4KBEb,Send Me on My Way,Happy,73
471,3m6KkYKdnbffMpGd9Pm9FP,Seven Nation Army,Happy,7
472,6dZO9UMcM7c1YLDBpEHwED,She Kind of Looks Like You,Sad,41
473,2UaXTR0Xv4SCDQ6wIlVNxC,She Remembers (Piano Solo),Calm,27
474,0KN1zd8K3MTPQyix892mCf,Shifts Of Light,Calm,53
475,6DzbmjkVZpz1mrDobAoJI8,Shimmer,Energetic,57
476,6YbVddGFPcfOVJrxhUusbV,Shine,Happy,54
477,5I6y1KWmUoV5YCaIEcs1qs,Should Have Known Better,Sad,65
478,3v8PlUFGQQDBIk1J86waCo,Should I Stay or Should I Go - Remastered,Happy,68
479,4riNlzZh1Xd4xqbIWy7zfM,Silhouette,Sad,37
480,4w7vMUyVony198G1c79PSq,Silver Lining,Calm,46
481,70HWRkitkAKfos500LBk0T,Simple Song,Sad,62
482,5Hd6DPGjqihEnWSiGRzqr6,Sinking Man - The Walking Dead Soundtrack,Sad,0
483,0b6iQfSLnYGz5VCzwndLz9,Sintra,Calm,49
484,1uGXhKyK50NIXNqBKN73DS,Siren Song - Radio Edit,Happy,39
485,1NyFRrFiJAJIaR6icj1goI,Skinny Love,Sad,67
486,7C0naD1GsrGZTKGMbg7m7I,Sleep,Sad,25
487,0ewX9JsKy9oa4IifkFSroa,Slow It Down,Sad,0
488,79z9QkhHePTFsSeVw9uyj0,Smile,Happy,75
489,2T3blUc9Jnui2a0ZhuNOag,Smooth Criminal,Energetic,0
490,51USOvxeXLH3EvL3RwWJp7,Snowfall,Calm,31
491,21UkknmSYISvDaQbaMIOgq,Solitude,Calm,57
492,0vicQm86o7GnT42GdG34sA,Some Kind Of Love,Sad,55
493,5riuN21I50r717iOmCJ7Kr,Somebody - Josef Bamba Remix Radio Edit,Happy,42
494,1qDrWA6lyx8cLECdZE7TV7,Somebody That I Used To Know,Happy,77
495,5zOetBDO9NONS4KnIBXtnx,Someday,Calm,53
496,6QPKYGnAW9QozVz2dSWqRg,Someone Like You,Sad,79
497,2GkPTpFLY0NG8jrAHPoSnn,Someone New,Happy,58
498,1EwyAL8SdJpIX0M9b1ArAp,Somewhere Only We Know,Sad,51
499,1mc5ECVjhFQUMzdsvX9gwf,Son of a Lady,Sad,23
500,0hx6wJdPlMpT254F9UYQNu,"Song to the Siren - Recorded at Strongroom Studios, London",Sad,42
501,4GQVsXO7jkxg43UmAd1Tbb,South Beach,Energetic,54
502,7fqhrLJzKHJ0RW32N0y2Gp,Spirit In The Sky,Happy,0
503,7HKez549fwJQDzx3zLjHKC,Start Me Up - Remastered,Happy,77
504,0Uon5NsSAkBDx69XYOaQ5P,Stay,Sad,67
505,69vYa2LVWv1TXvNIVNlJA1,Stay Here,Energetic,52
506,5NRWr6U9kBI3NP7Hr7fyy8,Stay Home,Calm,34
507,12nlJypOUmAV4VQxFvfAw1,Stay Still,Calm,30
508,2VAlwOewe5c40VHyqozF1V,"Steady, As She Goes",Happy,1
509,3Y6wj6dRP3QmgXeV2zCzbn,Still Alive,Energetic,42
510,1yERtbTiF9fKGxaelyLJOA,Still Waiting to Start,Sad,54
511,7oXWUVH2t0UR11AvhhY8GQ,Stormy Weather,Calm,50
512,3JjPOBCCKmvtgSsVIDqFDl,Story Of A Violin,Happy,52
513,0YXPmthF2oHLQCYIGkSrZy,Strange Dreams,Calm,30
514,265poZGWCyWo6h5tq7kiA6,Streets,Happy,0
515,4VGUcTzWj0ebZ0UgI9irJL,Stricken,Energetic,0
516,1b7LMtXCXGc2EwOIplI35z,Stuck In The Middle With You,Happy,73
517,54cWVWqgyFukgDKQYmaKM3,Stupify,Energetic,61
518,7vcuTZAFyu0Z5dgMRLR0h0,Such Great Heights,Sad,0
519,0MaUnKwsHKRj4qjLDuBG66,Suds & Soda,Happy,42
520,4A6C6K8c8IukPda2f0rI8J,Suhpratti,Calm,38
521,1B96GJer0xmo0t9rZg5V4c,Summer Boredom,Calm,29
522,66epoq09V61hukB4Sdm3Q4,Summer-Blink,Sad,22
523,1Cfws8y490Zpsqsyeme6V1,Sun In Our Eyes - Don Diablo Remix,Happy,55
524,2yNeqUczAqpKSo8vFF00CR,Sunspots,Sad,7
525,2K1OMOjqHBoJf3NT4J6meQ,Supermarket,Sad,17
526,2d0UsAbvuAiCyR4oV6fiOq,Supersonic (feat. Christian Burns),Energetic,52
527,4dwrL3Z5U2RZ6MZiKE2PgL,Superstition,Happy,1
528,0ecC8p17cDNlxHXkuYqeR6,Surrender,Sad,84
529,2OUR8g12h5qsGDs1v5lqvp,Swerve City,Energetic,55
530,2L93hpsnJ8scBHIQFZzh1b,Take Everything,Happy,54
531,2WfaOiMkCvy7F5fcp2zZ8L,Take on Me,Happy,84
532,4iKSrwTBu0vLSqmZUXSGXr,Takeoff,Calm,53
533,7fRvtXvJMpGfTLdF0M09a1,Talking In Your Sleep,Happy,61
534,60tHXabTlAhzlkXRDWl9cp,Target,Calm,55
535,1ZekzmhuM380sFcUZePjmL,Teardrop - Remastered 2006,Sad,0
536,5HiKQLlJ3LAuz8J9yHB0HX,Teardrops - Single Version,Happy,60
537,1kdiiFGX1Htx0aVZYaDwEJ,Tears Don't Fall,Energetic,61
538,25FTMokYEbEWHEdss5JLZS,Teenage Dirtbag,Happy,68
539,5Vh9sUjTiivWtvKmif40wy,Tegel,Calm,42
540,3AfZWVkAf2ipi68BMVvfwq,Telling Tales,Sad,36
541,0BpKPyXhWsTaWkgXeOd1Sn,Thank You for the Venom,Energetic,61
542,2vBF8A6n0REigm7RSUM65S,The A Team,Sad,34
543,2iAq1y8jEVOQM6OA8L0XtO,The Boys Are Back In Town,Happy,0
544,65IP0rTvP6hFkIUNODG2VK,The Calvary Cross,Sad,32
545,2IXJyG1DX93g2EhFXghz37,The Choice,Calm,59
546,12oa6kHYN9FamPdcpSM54i,The Dazzler,Sad,0
547,62uEGHla1SOT2rhVAyMn6K,The Disappearance of the Unmoved Mover,Calm,54
548,5NKK0t7lYlyDsT5auDYKmq,The Discovery,Calm,55
549,3XnQ3OqmfvP5Sh6gACEKnG,The Dreamer,Calm,55
550,0W4RUo3m0jL0wHADS0PLme,The Five Times I Loved You,Calm,50
551,4Ao5JXfOIMJGlVo8sJpjFr,The Funeral,Sad,0
552,4IUfRZY8k9MHRsStnjMTUb,The Good in Goodbye (Alternate Version),Sad,40
553,5vVwPth7ccUHil5wsUG7ky,The Hardest Button To Button,Energetic,56
554,2iyriVrfEXWD7YRfPqub7l,The Hell Song,Energetic,37
555,60Rodg2E5ghUbYBrBFr0TA,The Hummingbird,Sad,0
556,7AaSbMyCeUxcGsvCmzmfEJ,The Hunger,Sad,26
557,1bp2IO61zbQrbWNmKKxg3f,The Joker,Happy,77
558,40UbcJWyWPqOWFvv4Dpvfc,The King (with Dzeko),Energetic,59
559,3oLJlBI7OveRtPOuMe4oaM,The Message,Sad,53
560,1igVdCr2mrzwu2lHxUbJWn,The Mind's Eye,Sad,26
561,6mORGLOz79w6VsCRLWYYuK,The Night We Met,Sad,17
562,6lUDMNgZEaXVprnVgoprfT,The Night We Met - Rework,Calm,31
563,5O4NFbDqJ8SOfbjnIhdPDt,The Safety Dance,Happy,61
564,2plPRo1J2A2erccAh1eJMB,The Snail’s Teachings II: The Wonders of,Calm,37
565,5g5dwJD6zwXG81LRdEsnQr,The Temporary,Sad,36
566,1c6aKOdOoR1TFqn0JTyc4R,The Times Are Tired,Calm,26
567,0Qp1IH1EkRCNabfgzxNMUT,The Wall,Energetic,59
568,4Qv71lFPCObf7zol1uWCJb,There For You,Energetic,68
569,0QevFRZ5eiXah4VZWeviK4,Thin White Duchess,Sad,28
570,3N2vr4m44BBZiVCZ0O4bnf,Thirteen Thirty-Five,Sad,0
571,7sJm369JitaQLnkymEMe7f,This Reminds You - Satie Remix,Calm,0
572,5fw57RymBIg7ys4M8tWJ5H,Throw Me a Bone,Sad,26
573,5hdAQegqnitMjNacfLOHQd,Tilted Towers,Happy,50
574,4CYsf9MUjowxTMTVT39hTL,Time Out,Calm,32
575,2ENH05Q7PkilEF6WujXNjG,Time Travel,Calm,39
576,28nLvoHu6NbkHNPmoxR8uD,Tiptoeing,Calm,37
577,54KFQB6N4pn926IUUYZGzK,To Build A Home,Sad,72
578,41bqxcnDRcYsBJnJKtPCdp,To The Hilt,Sad,42
579,65AABj5XsDcxGT92w3jK0o,To the Moon,Sad,0
580,6TcYEIp0uV6lxkmt4FCqf5,Tomorrow,Calm,39
581,34ccBqL3xNaCzPxr0UqoEw,Toxic,Energetic,49
582,3PJikMV2xGNCooQttQrAw5,Transatlanticism,Sad,0
583,3rRL23xxAPJ75K3wGBKZIO,Trastevere,Calm,52
584,2SDxYHBST2s6dGodsgnNbM,Trees - Solo Piano,Calm,31
585,06qUEhhx6jKQmhj2qAkn4H,Trying My Best,Sad,68
586,5ewE85NIsYxn02MhetYKqs,Tu Vois,Calm,0
587,6dL46HEj2hzaSach8EFyCi,Tubthumping,Happy,0
588,2GuchYit1FmdtXTxl6SbUE,Tuesday,Calm,47
589,5ZBeML7Lf3FMEVviTyvi8l,Twist And Shout - Remastered 2009,Happy,74
590,4ePP9So5xRzspjLFVVbj90,Two Princes,Happy,72
591,0DZfBeJhOPyjhqoaTkE3kZ,UFOF,Sad,0
592,0XiivUyimrmkUyJkKiILPW,Under A Killing Moon,Energetic,41
593,0Y41ZfnVaNRQp9dQiagwbC,Understudy,Calm,51
594,7ku9ctunOcfqWP6z04QTRY,Underwater - Tinlicker Remix,Happy,53
595,6kyxQuFD38mo4S3urD2Wkw,Unintended,Sad,61
596,27BMhzmPptTnpra962NgQh,United,Happy,33
597,0VrJzyZPEkz3VliJoU3w6A,Universe,Calm,25
598,4rXDPFpzMyUIdEpNWiwzYV,Unmade,Sad,0
599,7dx3zyB8aQHd2LQm0u1lwS,Up Against (Blackout),Energetic,0
600,4VqPOruhp5EdPBeR92t6lQ,Uprising,Energetic,75
601,0p44zFo2S1c50vmx0B7mPF,Used to Be,Calm,38
602,5gDZbPycrRPF5mC4voMg89,Vagabond,Sad,20
603,3IOXceWmoCrTyl5TXFDzWu,Vague,Calm,59
604,6eTQcsb7NrdgPIZAHchT9k,Valse Lente,Calm,31
605,0i6KOje3rNRSNPw0vy803g,Vamos,Energetic,42
606,4EvAP7MWnjDMkADXXEuF5t,Venom,Happy,42
607,0fBSs3fRoh1yJcne77fdu9,Video Games - Remastered,Sad,68
608,7o7E1nrHWncYY7PY94gCiX,Video Killed The Radio Star,Happy,71
609,0dCr3qIupWh36ilLjRHi4P,Virtual Insanity - Remastered,Happy,0
610,5S6pYZD8WH3OQapDHTDM9M,Viva La Vida,Happy,56
611,47H4oc7Zkihwae7ST7F4zp,Voices,Energetic,54
612,6laq4MxNrh2ZKZGLhB7G0V,Wait For Me,Happy,52
613,7eClkLWbrr3TorYedzaDkI,Waiting,Sad,0
614,27YP211Rr8RezhiFVDLFI8,Waiting For Tomorrow (feat. Mike Shinoda),Energetic,56
615,5imShWWzwqfAJ9gXFpGAQh,Waiting On the World to Change,Happy,74
616,1CIIzFfELXMwLyKaGdpTul,Waiting like the Storm,Calm,52
617,3h1in20DlO5KaSP1vLED90,War,Happy,0
618,6AKWOVOJ81OQfsgxZbJ6QN,Wash It All Away,Energetic,63
619,18HZyQSQdmtxv5i9YSHJTw,Watching Clouds Disappear,Calm,35
620,7rpGOF9MwCP2Oaz9yDO452,Water Colors,Calm,50
621,1sVIrkPZob1Ul6aIqy8n8z,Water Lillies,Calm,49
622,60kgQtJNMGRaFfzwy18XUY,Watersong,Sad,35
623,1BEljQOZPNNjsC3nfIAHxS,Wave of Mutilation,Sad,31
624,49ErwcBYfYRPNBdRuPvpYA,We Are Your Friends - Justice Vs Simian,Happy,62
625,3QeaXGKRvt8cfHdrfdk5pL,We Wait,Sad,39
626,42GP0xKtkolBnmqQRvSllO,Welcome Home,Energetic,64
627,13PUJCvdTSCT1dn70tlGdm,"Welcome Home, Son",Sad,0
628,6NdcSEhpGGAYXNnnhGS2s6,What I Like About You,Happy,68
629,0joCizO7Hg4JxL3o9mRAKA,What Should Have Been,Calm,30
630,3L0fPX8biELkH57fF3Exkd,What You Love You Must Love Now,Calm,59
631,6OBl3esnGuz8PllwDWinWS,What's Good,Sad,49
632,0w9rKPt8242huJZKFA1zGX,When The World Stood Still,Calm,35
633,100jBpD7nuiMriR7ErXQ9S,When They Come,Calm,57
634,1uu52K2fxY7Hl4LQ8AtTyY,When You Left,Calm,52
635,4pODZqgdj6Iwci7jruY5xf,Where Your Mind Wants to Go - RONE Remix,Sad,14
636,4Hi0t9QQODb9k3aSM8SFb6,While the Rest of the World Sleeps,Calm,35
637,77gY3WsOnEsq9JOWgBmdLj,Whiskey In The Jar,Energetic,0
638,0BvlCuNiWLE78NiZCiUxM7,White Lies,Energetic,18
639,1FoMWISq2KNqKappkrG5Yo,White Lies - Guy Arthur Remix,Energetic,44
640,7LF1XX9NNuvFtrRliJSEoh,White Sparks,Calm,30
641,2WuNoTD5hLhu1yVgMarTFq,Whitehaven,Calm,28
642,413T0g8pNNXYX6t5RqHvx7,Why Can't We Be Friends?,Happy,58
643,2urxHALnoeVxG82o57q0ny,Wild Trails,Calm,52
644,2Fgo49RzWsVWKcwAksPWq8,Wild Wild Son - Club Mix,Energetic,35
645,6UesrqZXshkMjY07kVnlkU,Willet,Calm,48
646,2F4iGuSSSRWpYCeWN4SoRr,Winter Scenery,Calm,29
647,1kAkUHFb7ryeVkVSRD6Nkj,Wish I Was Better,Sad,70
648,1wHSxWBfPr3GO31y8KGrWe,Wish You Were Here - 2011 Remastered Version,Sad,0
649,4wIBISN9EpHsQI90SbLhad,Wished,Sad,28
650,4qguRyO5RJexa48AuRwkLZ,Without,Energetic,19
651,3BuuxHhwQ4AQvDA9dzvSry,Wolkendans,Calm,32
652,3UaStdVN7y9A6ktTmkFDTk,Wonderful Together (feat. Envy Monroe),Happy,53
653,79RUMZfMNMpqZnswovvTqv,Wonderwall,Happy,15
654,1z7GhYG0KqAmebdLfuoYho,Woodland Heart,Calm,53
655,12nUGGcjJgQYkGawzk0rJp,Words I Heard,Sad,18
656,3JqpIjrQfmW68YkpxXWPL4,Worlds Collide - Edison Cole Remix,Happy,55
657,4ctEt5qumxA8RuzdeQagkk,Would You Rather,Sad,49
658,6uUqBB6wXrcIJWssTRfIYE,Wrong Way,Energetic,1
659,1j56M8iOGH48yuKqj64qGK,Yam Yam,Sad,0
660,4t2XUVB63KvQWeAlAaaqAz,You Are Safe With Me,Calm,35
661,6Nl2wvFyKjiyPKrhE4Rth1,You Can't Rely on My Love,Happy,52
662,32lF1rsInDTdK6Av3KdfaY,You Get What You Give,Happy,1
663,5BIWF6L3DnPkcuEuZmLHDz,You Were Bored,Sad,36
664,7oypoJJHZOALqQlGKpTefk,"You're Gonna Go Far, Kid",Energetic,0
665,4vEXJ6NvEwS8ptynkNswaa,You're My Best Friend - Remastered 2011,Happy,57
666,6Ij1Soe86rp6D9YsxwCz9N,Your Turn Now,Sad,49
667,1JDMO4EVPHtm0xXhJb2IjR,Youth,Sad,0
668,5ZCW5CDwhfXJGL2MzxGwhx,alpha waves,Calm,59
669,7pt64sepCy5QmDrgy9wOJS,blue,Sad,58
670,0JsYp2UosjQpePYbHCvXWZ,coeur noir,Calm,34
671,18uwL0vNUanqZH0ro2QcOP,comethru,Sad,78
672,1elEZGOMFRU5n7bnOtUaqi,cry on airplanes,Sad,40
673,58qX77t2VWMWcycsh9zKLc,i don't want to watch the world end with someone else,Sad,68
674,0u2P5u6lvoDfwTYjAADbn4,lovely (with Khalid),Sad,88
675,1yJXNOEP2bq1N1691n37oS,mellow,Calm,48
676,3KKUf8F2hktFscLgbH4YwR,no song without you,Sad,75
677,4NVwMupCTfITPXetR5aozp,pass you by,Sad,60
678,7l4b5JYnl1WwUfvJgKmUwr,the frost,Calm,35
679,3n2QaRyg5nTg5Cwwq5mw3Q,the theme song,Calm,36
680,43zdsphuZLzwA9k4DJhU0I,when the party's over,Sad,87
681,59VApBbrS2IADQk4ml5mdo,windcatcher,Calm,36
682,4D3nttJPU6L0M2epr7sId6,yellow is the color of her eyes,Sad,5
683,45bE4HXI0AwGZXfZtMp8JR,you broke me first,Sad,87
684,4CxFN5zON70B3VOPBYbd6P,you were good to me,Sad,76
685,2irbT1BSYaIEF44PlyKaoM,æfre,Calm,41
